sitename,county,aqi,pollutant,status,so2,co,o3,o3_8hr,pm10,pm2.5,no2,nox,no,wind_speed,wind_direc,publishtime,co_8hr,pm2.5_avg,pm10_avg,so2_avg,longitude,latitude,siteid
基隆,基隆市,46,,良好,3.7,0.28,54,50,32,11,12,13.6,0.7,0.3,358,"2026/04/22 16:00:00",0.2,10.2,23,1,121.760056,25.129167,1
汐止,新北市,67,臭氧八小時,普通,3.2,0.3,52,60,40,15,18,19,0.9,2.3,70,"2026/04/22 16:00:00",0.3,16.7,32,1,121.64081,25.06624,2
新店,新北市,87,臭氧八小時,普通,2.1,0.34,64,66,57,29,12,13.7,1.2,2.3,347,"2026/04/22 16:00:00",0.3,23.9,37,0,121.537778,24.977222,4
土城,新北市,79,細懸浮微粒,普通,1.7,0.32,54,61,56,27,13,14.2,1.1,1.9,235,"2026/04/22 16:00:00",0.3,22.6,43,0,121.451861,24.982528,5
板橋,新北市,81,細懸浮微粒,普通,2.7,0.34,53,62,46,23,10,11,0.5,2,267,"2026/04/22 16:00:00",0.4,23.5,37,1,121.458667,25.012972,6
新莊,新北市,75,細懸浮微粒,普通,,,52,,56,23,,,,3.1,257,"2026/04/22 16:00:00",0.3,21.3,47,0,121.4325,25.037972,7
菜寮,新北市,84,細懸浮微粒,普通,2.1,0.3,55,62,57,32,14,17.3,2.5,2.5,12,"2026/04/22 16:00:00",0.3,24.7,45,0,121.481028,25.06895,8
林口,新北市,82,細懸浮微粒,普通,1.6,0.24,47,54,59,23,6,8.1,1.2,3.3,260,"2026/04/22 16:00:00",0.3,23.9,43,1,121.36548982,25.07798949,9
淡水,新北市,76,細懸浮微粒,普通,2.6,0.28,61,60,47,23,9,18.7,9.3,,,"2026/04/22 16:00:00",0.3,21.7,39,1,121.449239,25.1645,10
士林,臺北市,77,細懸浮微粒,普通,1.9,0.28,59,63,63,26,13,13.5,0.4,2.6,324,"2026/04/22 16:00:00",0.3,22,46,0,121.51666356,25.10334003,11
中山,臺北市,85,細懸浮微粒,普通,1.7,0.43,49,57,73,31,23,26.5,3.4,2.2,358,"2026/04/22 16:00:00",0.4,25,48,0,121.526528,25.062361,12
萬華,臺北市,78,細懸浮微粒,普通,2.3,0.43,52,60,52,28,18,19.7,0.8,2.2,29,"2026/04/22 16:00:00",0.4,22.2,41,1,121.507972,25.046503,13
古亭,臺北市,80,臭氧八小時,普通,2.5,0.33,59,64,53,27,14,15.1,1,2.2,36,"2026/04/22 16:00:00",0.3,21.5,38,1,121.529556,25.020608,14
松山,臺北市,78,細懸浮微粒,普通,2.9,0.33,57,62,66,28,16,17.5,0.8,1.5,1,"2026/04/22 16:00:00",0.4,22.5,45,1,121.578611,25.05,15
大同,臺北市,89,細懸浮微粒,普通,1.9,0.66,47,46,43,30,25,30,4.1,-,-,"2026/04/22 16:00:00",0.8,26.4,38,0,121.51342074,25.06331455,16
桃園,桃園市,72,細懸浮微粒,普通,0.7,0.26,46,57,47,20,6,7.4,0.7,2.2,252,"2026/04/22 16:00:00",0.3,20.2,43,0,121.30500531,24.9947107,17
大園,桃園市,82,細懸浮微粒,普通,0.6,0.24,53,58,51,21,3,4.3,0.8,6,232,"2026/04/22 16:00:00",0.3,24,48,0,121.20251473,25.06100357,18
觀音,桃園市,84,細懸浮微粒,普通,0.6,0.21,55,58,42,21,4,5,0.7,6.9,257,"2026/04/22 16:00:00",0.2,24.6,45,0,121.08283092,25.03556747,19
平鎮,桃園市,78,細懸浮微粒,普通,1.4,0.25,42,55,56,20,5,7.4,1.6,2.7,269,"2026/04/22 16:00:00",0.3,22.5,48,1,121.203986,24.952786,20
龍潭,桃園市,81,細懸浮微粒,普通,1,0.23,50,58,41,22,4,5,0.2,5.4,247,"2026/04/22 16:00:00",0.3,23.6,42,0,121.21645772,24.86400048,21
湖口,新竹縣,76,細懸浮微粒,普通,2.4,0.22,44,56,46,14,3,4.9,1.3,5.9,235,"2026/04/22 16:00:00",0.3,21.7,48,2,121.03886894,24.90009696,22
竹東,新竹縣,79,細懸浮微粒,普通,1.4,0.24,49,56,49,23,3,4.7,0.7,3.5,244,"2026/04/22 16:00:00",0.3,22.9,39,1,121.08895493,24.74091408,23
新竹,新竹市,80,細懸浮微粒,普通,1.3,0.26,42,55,44,21,4,5.2,0.5,5.3,241,"2026/04/22 16:00:00",0.3,23.1,47,1,120.97236752,24.8056356,24
頭份,苗栗縣,81,細懸浮微粒,普通,1.3,0.22,40,53,51,21,3,4.2,1.1,5.1,242,"2026/04/22 16:00:00",0.3,23.6,53,1,120.89869286,24.69690679,25
苗栗,苗栗縣,77,細懸浮微粒,普通,2.1,0.23,39,51,59,20,3,4.9,1.1,5,231,"2026/04/22 16:00:00",0.2,21.9,41,2,120.82011468,24.56499183,26
三義,苗栗縣,70,細懸浮微粒,普通,1.9,0.22,41,52,48,21,3,4.5,1,5.1,195,"2026/04/22 16:00:00",0.2,19.3,37,1,120.75956754,24.38248443,27
豐原,臺中市,73,細懸浮微粒,普通,0.6,0.25,46,55,56,21,5,6.3,0.8,4.7,218,"2026/04/22 16:00:00",0.3,20.7,43,1,120.74252414,24.25699731,28
沙鹿,臺中市,89,懸浮微粒,普通,,,,55,85,,,,,3.7,214,"2026/04/22 16:00:00",0.2,23.5,65,1,120.568794,24.225628,29
大里,臺中市,71,細懸浮微粒,普通,0.7,0.22,38,47,58,17,3,3.8,0.5,5.3,247,"2026/04/22 16:00:00",0.2,19.9,47,1,120.67844444,24.09961111,30
忠明,臺中市,70,細懸浮微粒,普通,1.9,0.26,37,47,51,19,7,9.5,2.3,2.7,198,"2026/04/22 16:00:00",0.3,19.4,47,2,120.641092,24.151958,31
西屯,臺中市,71,懸浮微粒,普通,,,34,49,,15,,,,5.8,203,"2026/04/22 16:00:00",0.2,18.9,49,2,120.616917,24.162197,32
彰化,彰化縣,77,懸浮微粒,普通,0.9,0.18,39,51,61,18,3,3.5,0.5,3.7,219,"2026/04/22 16:00:00",0.2,21.3,54,1,120.541519,24.066,33
線西,彰化縣,92,懸浮微粒,普通,2.1,0.2,37,51,81,19,4,6.2,1.5,6.8,238,"2026/04/22 16:00:00",0.2,23.7,68,1,120.469061,24.131672,34
二林,彰化縣,94,懸浮微粒,普通,0.8,0.19,36,47,65,17,0,0.9,1,5.9,240,"2026/04/22 16:00:00",0.2,21.2,70,1,120.409653,23.925175,35
南投,南投縣,87,懸浮微粒,普通,1.2,0.21,51,54,90,24,3,4.6,1.3,5,238,"2026/04/22 16:00:00",0.2,21,63,1,120.685306,23.913,36
斗六,雲林縣,77,細懸浮微粒,普通,1.4,0.24,45,55,45,21,5,6.5,0.8,3.7,236,"2026/04/22 16:00:00",0.2,22,45,1,120.544994,23.711853,37
崙背,雲林縣,81,懸浮微粒,普通,1.3,0.19,36,44,45,18,2,3,0.8,3.9,208,"2026/04/22 16:00:00",0.2,20.5,58,1,120.348742,23.757547,38
新港,嘉義縣,73,細懸浮微粒,普通,0.8,0.19,34,39,46,19,2,3.1,1,4.4,177,"2026/04/22 16:00:00",0.2,20.6,48,1,120.345531,23.554839,39
朴子,嘉義縣,81,懸浮微粒,普通,1.1,0.22,,42,,17,4,6.9,2,2.5,214,"2026/04/22 16:00:00",0.2,19.9,58,1,120.2478,23.46538,40
臺西,雲林縣,74,懸浮微粒,普通,1,0.18,34,47,32,15,0,0.7,0,6.9,197,"2026/04/22 16:00:00",0.2,17.3,52,1,120.19933333,23.702175,41
嘉義,嘉義市,82,懸浮微粒,普通,1.4,0.2,40,46,57,17,4,5.7,1.2,5.4,229,"2026/04/22 16:00:00",0.2,19.9,59,1,120.44125148,23.46477865,42
新營,臺南市,70,懸浮微粒,普通,1.5,0.22,37,48,40,20,6,7.2,1,3.7,198,"2026/04/22 16:00:00",0.2,18.8,48,1,120.31725,23.305633,43
善化,臺南市,66,細懸浮微粒,普通,0.8,0.17,35,45,30,18,3,4.6,1.4,4.2,211,"2026/04/22 16:00:00",0.2,17.8,36,0,120.29740529,23.11337642,44
安南,臺南市,62,細懸浮微粒,普通,1.7,0.23,33,40,30,15,2,4.3,1.9,4.8,205,"2026/04/22 16:00:00",0.2,16.7,39,1,120.2175,23.048197,45
臺南,臺南市,60,懸浮微粒,普通,0.2,0.19,31,39,31,16,6,7.1,1.1,3.8,198,"2026/04/22 16:00:00",0.2,15.2,39,0,120.21947897,22.98928311,46
美濃,高雄市,83,懸浮微粒,普通,1.4,0.24,42,45,65,21,2,3.2,0.6,3.6,210,"2026/04/22 16:00:00",0.2,17.2,60,1,120.530542,22.883583,47
橋頭,高雄市,60,細懸浮微粒,普通,0.4,0.19,35,38,35,17,4,6.7,1.8,3.1,192,"2026/04/22 16:00:00",0.2,15.9,37,0,120.305689,22.757506,48
仁武,高雄市,65,細懸浮微粒,普通,2.3,0.22,34,38,30,17,6,8.4,2.4,3.4,204,"2026/04/22 16:00:00",0.2,17.5,33,2,120.332631,22.689056,49
鳳山,高雄市,61,細懸浮微粒,普通,5.3,0.56,27,36,42,20,11,13.5,2.5,1.1,208,"2026/04/22 16:00:00",0.3,16,39,1,120.357422,22.628126,50
大寮,高雄市,67,細懸浮微粒,普通,0.6,0.21,31,36,40,18,2,3.6,1.2,3.4,180,"2026/04/22 16:00:00",0.2,18.5,42,1,120.425311,22.56413611,51
林園,高雄市,61,懸浮微粒,普通,0.2,0.18,32,35,39,13,1,2.9,1.2,2.7,159,"2026/04/22 16:00:00",0.2,15,40,0,120.41175,22.4795,52
楠梓,高雄市,70,懸浮微粒,普通,1.1,0.22,34,35,34,17,7,9.1,1.6,3,184,"2026/04/22 16:00:00",0.2,16.4,48,1,120.328289,22.733667,53
左營,高雄市,62,細懸浮微粒,普通,0.8,0.2,32,35,31,16,5,7.3,1.5,3.4,178,"2026/04/22 16:00:00",0.2,16.4,36,1,120.292917,22.674861,54
前金,高雄市,61,懸浮微粒,普通,0.4,0.2,32,35,42,13,6,7.5,1.1,3.9,176,"2026/04/22 16:00:00",0.2,13.1,40,1,120.28676111,22.63390278,56
前鎮,高雄市,60,細懸浮微粒,普通,,0.26,31,33,39,13,6,9.4,2.7,2.3,148,"2026/04/22 16:00:00",0.3,15.7,37,1,120.30833356,22.6044507,57
小港,高雄市,72,細懸浮微粒,普通,4.3,0.27,30,34,42,13,6,8.8,1.9,2.2,161,"2026/04/22 16:00:00",0.3,20.2,48,3,120.337736,22.565833,58
屏東,屏東縣,57,細懸浮微粒,普通,,,33,,33,16,,,,2.6,170,"2026/04/22 16:00:00",0.2,14.6,,1,120.488033,22.673081,59
潮州,屏東縣,54,細懸浮微粒,普通,0.9,0.19,35,41,31,7,1,2.8,1,3.5,187,"2026/04/22 16:00:00",0.1,13.5,33,0,120.561175,22.523108,60
恆春,屏東縣,44,,良好,0.9,0.13,37,43,27,9,1,2.3,1,3,203,"2026/04/22 16:00:00",0.1,10.9,26,0,120.788928,21.958069,61
臺東,臺東縣,51,懸浮微粒,普通,0.7,0.24,33,41,40,10,2,4,1.4,1.9,198,"2026/04/22 16:00:00",0.2,12,31,0,121.15045,22.755358,62
花蓮,花蓮縣,45,,良好,1.1,0.17,40,39,26,10,1,2.4,0.6,2.9,186,"2026/04/22 16:00:00",0.1,11,27,1,121.599769,23.971306,63
陽明,臺北市,75,細懸浮微粒,普通,0.2,0.26,57,59,45,27,5,6.1,0.3,,,"2026/04/22 16:00:00",0.3,21.4,37,1,121.529583,25.182722,64
宜蘭,宜蘭縣,51,細懸浮微粒,普通,,,40,51,40,15,,,,2.6,8,"2026/04/22 16:00:00",0.2,12.5,30,0,121.746394,24.747917,65
冬山,宜蘭縣,53,細懸浮微粒,普通,0.6,0.21,40,46,24,10,2,3.7,1.1,2.4,173,"2026/04/22 16:00:00",0.3,13.1,24,0,121.792928,24.632203,66
三重,新北市,82,細懸浮微粒,普通,1.2,0.55,37,40,58,24,33,47,13.6,-,-,"2026/04/22 16:00:00",0.7,23.7,49,0,121.493806,25.072611,67
中壢,桃園市,83,細懸浮微粒,普通,0.9,,31,39,49,22,19,38.5,19.4,1.9,80,"2026/04/22 16:00:00",0.8,24.2,46,1,121.221667,24.953278,68
竹山,南投縣,86,懸浮微粒,普通,4.9,0.38,58,53,139,,4,6.2,1.3,3.8,245,"2026/04/22 16:00:00",0.2,18.1,62,1,120.677306,23.756389,69
永和,新北市,82,細懸浮微粒,普通,1.8,0.72,36,49,74,30,34,46.6,11.7,1.6,51,"2026/04/22 16:00:00",0.7,24,49,0,121.516306,25.017,70
復興,高雄市,62,細懸浮微粒,普通,1.2,0.23,28,32,40,16,9,12.7,3.6,1.8,100,"2026/04/22 16:00:00",0.3,16.5,40,1,120.312017,22.608711,71
埔里,南投縣,76,細懸浮微粒,普通,1.6,0.26,62,47,94,23,1,2.5,0.6,2.2,317,"2026/04/22 16:00:00",0.2,21.8,53,1,120.967903,23.968842,72
馬祖,連江縣,64,細懸浮微粒,普通,0.6,0.16,52,49,36,17,2,3.7,1.1,4.5,183,"2026/04/22 16:00:00",0.1,17.3,34,0,119.952724,26.153736,75
金門,金門縣,85,細懸浮微粒,普通,0.8,0.18,40,40,33,15,,,,4.3,192,"2026/04/22 16:00:00",0.2,24.8,39,0,118.312256,24.432133,77
馬公,澎湖縣,67,細懸浮微粒,普通,0,0.19,40,42,36,19,3,4.5,1,3.5,176,"2026/04/22 16:00:00",0.1,18.4,36,0,119.566158,23.569031,78
關山,臺東縣,48,,良好,1,0.15,32,35,21,11,1,2.1,0.8,3.6,220,"2026/04/22 16:00:00",0.1,11.9,22,1,121.161933,23.045083,80
麥寮,雲林縣,80,懸浮微粒,普通,1.3,0.23,32,44,43,14,1,2.4,0.5,4.3,205,"2026/04/22 16:00:00",0.2,20.1,57,1,120.251825,23.753506,83
富貴角,新北市,90,臭氧八小時,普通,0.9,0.2,74,67,47,19,2,2.4,0,2.5,257,"2026/04/22 16:00:00",0.2,15.8,33,1,121.53656894,25.29681695,84
大城,彰化縣,106,懸浮微粒,對敏感族群不健康,0.9,0.18,35,46,78,22,1,3.3,2.1,5.8,183,"2026/04/22 16:00:00",0.2,27.2,88,1,120.26964167,23.85493056,85
臺灣大道,臺中市,73,細懸浮微粒,普通,0.7,0.36,37,42,57,19,9,15.6,6,1.8,345,"2026/04/22 16:00:00",0.6,20.7,45,1,120.6567111,24.1589,88
員林,彰化縣,82,細懸浮微粒,普通,1.2,0.2,40,52,60,21,3,5.4,1.5,4.9,254,"2026/04/22 16:00:00",0.2,23.8,55,1,120.5631893,23.9615945,139
林森,臺南市,78,懸浮微粒,普通,0.5,0.34,30,35,64,15,7,11.4,3.9,2.9,260,"2026/04/22 16:00:00",0.4,15.4,55,1,120.22216042,22.98522502,140
南投（鹿谷）,南投縣,68,細懸浮微粒,普通,2.3,0.23,59,49,45,20,3,4.7,1.4,1.7,291,"2026/04/22 16:00:00",0.2,18.7,33,1,120.7944772,23.71867609,203
屏東（琉球）,屏東縣,48,,良好,0.2,0.2,38,40,29,8,1,2.1,0.8,1.1,155,"2026/04/22 16:00:00",0.1,10.5,29,0,120.37722,22.35222,204
新北（樹林）,新北市,82,細懸浮微粒,普通,1.3,0.33,52,60,43,26,,,,1.1,26,"2026/04/22 16:00:00",0.3,23.8,35,0,121.38352778,24.94902778,311
屏東（枋山）,屏東縣,53,細懸浮微粒,普通,0.5,0.18,36,42,26,13,0,0.6,0,2.4,165,"2026/04/22 16:00:00",0.1,13.1,30,0,120.651472,22.260899,313
